{
    "rmse": 0.7135265271717334,
    "mae": 0.5734893419462954,
    "r2": 0.17697179291295095
}